<?xml version="1.0" encoding="UTF-8"?>
<GenRun Id="synth_1" LaunchPart="xc7a100tcsg324-1" LaunchTime="1478122977">
  <File Type="RDS-DCP" Name="ProjectTopLevel.dcp"/>
  <File Type="RUN-CONSTRS" Name="$PDATADIR/runs/synth_1/constrs_in.xml"/>
  <File Type="RDS-UTIL-PB" Name="ProjectTopLevel_utilization_synth.pb"/>
  <File Type="RUN-SRCS" Name="$PDATADIR/runs/synth_1/sources.xml"/>
  <File Type="RDS-PROPCONSTRS" Name="ProjectTopLevel_drc_synth.rpt"/>
  <File Type="PA-TCL" Name="ProjectTopLevel.tcl"/>
  <File Type="RUN-STRAT" Name="$PDATADIR/runs/synth_1/synth_1.psg"/>
  <File Type="RDS-RDS" Name="ProjectTopLevel.vds"/>
  <File Type="RDS-UTIL" Name="ProjectTopLevel_utilization_synth.rpt"/>
  <File Type="VDS-TIMINGSUMMARY" Name="ProjectTopLevel_timing_summary_synth.rpt"/>
  <File Type="VDS-TIMING-PB" Name="ProjectTopLevel_timing_summary_synth.pb"/>
  <FileSet Name="sources" Type="DesignSrcs" RelSrcDir="$PSRCDIR/sources_1">
    <Filter Type="Srcs"/>
    <File Path="$PSRCDIR/sources_1/imports/Downloads/32bitReg.v">
      <FileInfo>
        <Attr Name="ImportPath" Val="$PPRDIR/../../Downloads/32bitReg.v"/>
        <Attr Name="ImportTime" Val="1477941491"/>
        <Attr Name="UsedIn" Val="synthesis"/>
        <Attr Name="UsedIn" Val="implementation"/>
        <Attr Name="UsedIn" Val="simulation"/>
      </FileInfo>
    </File>
    <File Path="$PSRCDIR/sources_1/imports/Downloads/ProgramCounter.v">
      <FileInfo>
        <Attr Name="ImportPath" Val="$PPRDIR/../../Downloads/ProgramCounter.v"/>
        <Attr Name="ImportTime" Val="1477941496"/>
        <Attr Name="UsedIn" Val="synthesis"/>
        <Attr Name="UsedIn" Val="implementation"/>
        <Attr Name="UsedIn" Val="simulation"/>
      </FileInfo>
    </File>
    <File Path="$PSRCDIR/sources_1/imports/Downloads/PCAdder.v">
      <FileInfo>
        <Attr Name="ImportPath" Val="$PPRDIR/../../Downloads/PCAdder.v"/>
        <Attr Name="ImportTime" Val="1477941499"/>
        <Attr Name="UsedIn" Val="synthesis"/>
        <Attr Name="UsedIn" Val="implementation"/>
        <Attr Name="UsedIn" Val="simulation"/>
      </FileInfo>
    </File>
    <File Path="$PSRCDIR/sources_1/imports/Downloads/InstructionMemory.v">
      <FileInfo>
        <Attr Name="ImportPath" Val="$PPRDIR/../../Downloads/InstructionMemory.v"/>
        <Attr Name="ImportTime" Val="1477941498"/>
        <Attr Name="UsedIn" Val="synthesis"/>
        <Attr Name="UsedIn" Val="implementation"/>
        <Attr Name="UsedIn" Val="simulation"/>
      </FileInfo>
    </File>
    <File Path="$PSRCDIR/sources_1/imports/Downloads/Mux5Bit2To1.v">
      <FileInfo>
        <Attr Name="ImportPath" Val="$PPRDIR/../../Downloads/Mux5Bit2To1.v"/>
        <Attr Name="ImportTime" Val="1477941482"/>
        <Attr Name="UsedIn" Val="synthesis"/>
        <Attr Name="UsedIn" Val="implementation"/>
        <Attr Name="UsedIn" Val="simulation"/>
      </FileInfo>
    </File>
    <File Path="$PSRCDIR/sources_1/imports/Downloads/And.v">
      <FileInfo>
        <Attr Name="ImportPath" Val="$PPRDIR/../../Downloads/And.v"/>
        <Attr Name="ImportTime" Val="1477941492"/>
        <Attr Name="UsedIn" Val="synthesis"/>
        <Attr Name="UsedIn" Val="implementation"/>
        <Attr Name="UsedIn" Val="simulation"/>
      </FileInfo>
    </File>
    <File Path="$PSRCDIR/sources_1/imports/Downloads/Mux32Bit2To1.v">
      <FileInfo>
        <Attr Name="ImportPath" Val="$PPRDIR/../../Downloads/Mux32Bit2To1.v"/>
        <Attr Name="ImportTime" Val="1477941501"/>
        <Attr Name="UsedIn" Val="synthesis"/>
        <Attr Name="UsedIn" Val="implementation"/>
        <Attr Name="UsedIn" Val="simulation"/>
      </FileInfo>
    </File>
    <File Path="$PSRCDIR/sources_1/imports/Downloads/Control.v">
      <FileInfo>
        <Attr Name="ImportPath" Val="$PPRDIR/../../Downloads/Control.v"/>
        <Attr Name="ImportTime" Val="1477941493"/>
        <Attr Name="UsedIn" Val="synthesis"/>
        <Attr Name="UsedIn" Val="implementation"/>
        <Attr Name="UsedIn" Val="simulation"/>
      </FileInfo>
    </File>
    <File Path="$PSRCDIR/sources_1/imports/Downloads/SignExtend_5to32bits.v">
      <FileInfo>
        <Attr Name="ImportPath" Val="$PPRDIR/../../Downloads/SignExtend_5to32bits.v"/>
        <Attr Name="ImportTime" Val="1477941490"/>
        <Attr Name="UsedIn" Val="synthesis"/>
        <Attr Name="UsedIn" Val="implementation"/>
        <Attr Name="UsedIn" Val="simulation"/>
      </FileInfo>
    </File>
    <File Path="$PSRCDIR/sources_1/imports/Downloads/SignExtension.v">
      <FileInfo>
        <Attr Name="ImportPath" Val="$PPRDIR/../../Downloads/SignExtension.v"/>
        <Attr Name="ImportTime" Val="1477941502"/>
        <Attr Name="UsedIn" Val="synthesis"/>
        <Attr Name="UsedIn" Val="implementation"/>
        <Attr Name="UsedIn" Val="simulation"/>
      </FileInfo>
    </File>
    <File Path="$PSRCDIR/sources_1/imports/Downloads/ShiftLeftAddress.v">
      <FileInfo>
        <Attr Name="ImportPath" Val="$PPRDIR/../../Downloads/ShiftLeftAddress.v"/>
        <Attr Name="ImportTime" Val="1477941489"/>
        <Attr Name="UsedIn" Val="synthesis"/>
        <Attr Name="UsedIn" Val="implementation"/>
        <Attr Name="UsedIn" Val="simulation"/>
      </FileInfo>
    </File>
    <File Path="$PSRCDIR/sources_1/imports/Downloads/ShiftLeft2.v">
      <FileInfo>
        <Attr Name="ImportPath" Val="$PPRDIR/../../Downloads/ShiftLeft2.v"/>
        <Attr Name="ImportTime" Val="1477941489"/>
        <Attr Name="UsedIn" Val="synthesis"/>
        <Attr Name="UsedIn" Val="implementation"/>
        <Attr Name="UsedIn" Val="simulation"/>
      </FileInfo>
    </File>
    <File Path="$PSRCDIR/sources_1/imports/Downloads/RegisterFile.v">
      <FileInfo>
        <Attr Name="ImportPath" Val="$PPRDIR/../../Downloads/RegisterFile.v"/>
        <Attr Name="ImportTime" Val="1477941502"/>
        <Attr Name="UsedIn" Val="synthesis"/>
        <Attr Name="UsedIn" Val="implementation"/>
        <Attr Name="UsedIn" Val="simulation"/>
      </FileInfo>
    </File>
    <File Path="$PSRCDIR/sources_1/imports/Downloads/ALU32Bit.v">
      <FileInfo>
        <Attr Name="ImportPath" Val="$PPRDIR/../../Downloads/ALU32Bit.v"/>
        <Attr Name="ImportTime" Val="1477941500"/>
        <Attr Name="UsedIn" Val="synthesis"/>
        <Attr Name="UsedIn" Val="implementation"/>
        <Attr Name="UsedIn" Val="simulation"/>
      </FileInfo>
    </File>
    <File Path="$PSRCDIR/sources_1/imports/Downloads/Masker.v">
      <FileInfo>
        <Attr Name="ImportPath" Val="$PPRDIR/../../Downloads/Masker.v"/>
        <Attr Name="ImportTime" Val="1477941495"/>
        <Attr Name="UsedIn" Val="synthesis"/>
        <Attr Name="UsedIn" Val="implementation"/>
        <Attr Name="UsedIn" Val="simulation"/>
      </FileInfo>
    </File>
    <File Path="$PSRCDIR/sources_1/imports/Downloads/DataMemory.v">
      <FileInfo>
        <Attr Name="ImportPath" Val="$PPRDIR/../../Downloads/DataMemory.v"/>
        <Attr Name="ImportTime" Val="1477941500"/>
        <Attr Name="UsedIn" Val="synthesis"/>
        <Attr Name="UsedIn" Val="implementation"/>
        <Attr Name="UsedIn" Val="simulation"/>
      </FileInfo>
    </File>
    <File Path="$PSRCDIR/sources_1/new/FetchModule.v">
      <FileInfo>
        <Attr Name="UsedIn" Val="synthesis"/>
        <Attr Name="UsedIn" Val="implementation"/>
        <Attr Name="UsedIn" Val="simulation"/>
      </FileInfo>
    </File>
    <File Path="$PSRCDIR/sources_1/new/ExecuteModule.v">
      <FileInfo>
        <Attr Name="UsedIn" Val="synthesis"/>
        <Attr Name="UsedIn" Val="implementation"/>
        <Attr Name="UsedIn" Val="simulation"/>
      </FileInfo>
    </File>
    <File Path="$PSRCDIR/sources_1/imports/Downloads/Memory_Writeback_reg.v">
      <FileInfo>
        <Attr Name="ImportPath" Val="$PPRDIR/../../Downloads/Memory_Writeback_reg.v"/>
        <Attr Name="ImportTime" Val="1477941637"/>
        <Attr Name="UsedIn" Val="synthesis"/>
        <Attr Name="UsedIn" Val="implementation"/>
        <Attr Name="UsedIn" Val="simulation"/>
      </FileInfo>
    </File>
    <File Path="$PSRCDIR/sources_1/imports/Downloads/Decode_Execute_reg.v">
      <FileInfo>
        <Attr Name="ImportPath" Val="$PPRDIR/../../Downloads/Decode_Execute_reg.v"/>
        <Attr Name="ImportTime" Val="1477941637"/>
        <Attr Name="UsedIn" Val="synthesis"/>
        <Attr Name="UsedIn" Val="implementation"/>
        <Attr Name="UsedIn" Val="simulation"/>
      </FileInfo>
    </File>
    <File Path="$PSRCDIR/sources_1/new/WritebackModule.v">
      <FileInfo>
        <Attr Name="UsedIn" Val="synthesis"/>
        <Attr Name="UsedIn" Val="implementation"/>
        <Attr Name="UsedIn" Val="simulation"/>
      </FileInfo>
    </File>
    <File Path="$PSRCDIR/sources_1/new/MemoryModule.v">
      <FileInfo>
        <Attr Name="UsedIn" Val="synthesis"/>
        <Attr Name="UsedIn" Val="implementation"/>
        <Attr Name="UsedIn" Val="simulation"/>
      </FileInfo>
    </File>
    <File Path="$PSRCDIR/sources_1/imports/Downloads/Execute_Memory_Reg.v">
      <FileInfo>
        <Attr Name="ImportPath" Val="$PPRDIR/../../Downloads/Execute_Memory_Reg.v"/>
        <Attr Name="ImportTime" Val="1477941637"/>
        <Attr Name="UsedIn" Val="synthesis"/>
        <Attr Name="UsedIn" Val="implementation"/>
        <Attr Name="UsedIn" Val="simulation"/>
      </FileInfo>
    </File>
    <File Path="$PSRCDIR/sources_1/new/DecodeModule.v">
      <FileInfo>
        <Attr Name="UsedIn" Val="synthesis"/>
        <Attr Name="UsedIn" Val="implementation"/>
        <Attr Name="UsedIn" Val="simulation"/>
      </FileInfo>
    </File>
    <File Path="$PSRCDIR/sources_1/imports/Downloads/Fetch_Decode_reg.v">
      <FileInfo>
        <Attr Name="ImportPath" Val="$PPRDIR/../../Downloads/Fetch_Decode_reg.v"/>
        <Attr Name="ImportTime" Val="1477941637"/>
        <Attr Name="UsedIn" Val="synthesis"/>
        <Attr Name="UsedIn" Val="implementation"/>
        <Attr Name="UsedIn" Val="simulation"/>
      </FileInfo>
    </File>
    <File Path="$PSRCDIR/sources_1/imports/Downloads/SevenSegment.v">
      <FileInfo>
        <Attr Name="ImportPath" Val="$PPRDIR/../../Downloads/SevenSegment.v"/>
        <Attr Name="ImportTime" Val="1477941483"/>
        <Attr Name="UsedIn" Val="synthesis"/>
        <Attr Name="UsedIn" Val="implementation"/>
        <Attr Name="UsedIn" Val="simulation"/>
      </FileInfo>
    </File>
    <File Path="$PSRCDIR/sources_1/imports/Downloads/Two4DigitDisplay.v">
      <FileInfo>
        <Attr Name="ImportPath" Val="$PPRDIR/../../Downloads/Two4DigitDisplay.v"/>
        <Attr Name="ImportTime" Val="1477941491"/>
        <Attr Name="UsedIn" Val="synthesis"/>
        <Attr Name="UsedIn" Val="implementation"/>
        <Attr Name="UsedIn" Val="simulation"/>
      </FileInfo>
    </File>
    <File Path="$PSRCDIR/sources_1/imports/Downloads/ClkDivider.v">
      <FileInfo>
        <Attr Name="ImportPath" Val="$PPRDIR/../../Downloads/ClkDivider.v"/>
        <Attr Name="ImportTime" Val="1477941493"/>
        <Attr Name="UsedIn" Val="synthesis"/>
        <Attr Name="UsedIn" Val="implementation"/>
        <Attr Name="UsedIn" Val="simulation"/>
      </FileInfo>
    </File>
    <File Path="$PSRCDIR/sources_1/imports/Downloads/GeneralProcessorTopLevel.v">
      <FileInfo>
        <Attr Name="ImportPath" Val="$PPRDIR/../../Downloads/GeneralProcessorTopLevel.v"/>
        <Attr Name="ImportTime" Val="1477941481"/>
        <Attr Name="UsedIn" Val="synthesis"/>
        <Attr Name="UsedIn" Val="implementation"/>
        <Attr Name="UsedIn" Val="simulation"/>
      </FileInfo>
    </File>
    <File Path="$PSRCDIR/sources_1/new/ProjectTopLevel.v">
      <FileInfo>
        <Attr Name="UsedIn" Val="synthesis"/>
        <Attr Name="UsedIn" Val="implementation"/>
        <Attr Name="UsedIn" Val="simulation"/>
      </FileInfo>
    </File>
    <File Path="$PSRCDIR/sources_1/new/BranchComparator.v">
      <FileInfo>
        <Attr Name="AutoDisabled" Val="1"/>
        <Attr Name="UsedIn" Val="synthesis"/>
        <Attr Name="UsedIn" Val="implementation"/>
        <Attr Name="UsedIn" Val="simulation"/>
      </FileInfo>
    </File>
    <Config>
      <Option Name="DesignMode" Val="RTL"/>
      <Option Name="TopModule" Val="ProjectTopLevel"/>
      <Option Name="TopAutoSet" Val="TRUE"/>
    </Config>
  </FileSet>
  <FileSet Name="constrs_in" Type="Constrs" RelSrcDir="$PSRCDIR/constrs_1">
    <Filter Type="Constrs"/>
    <File Path="$PSRCDIR/constrs_1/imports/new/demo.xdc">
      <FileInfo>
        <Attr Name="ImportPath" Val="$PPRDIR/../Lab_5to8/Lab_5to8.srcs/constrs_1/new/demo.xdc"/>
        <Attr Name="ImportTime" Val="1477941660"/>
        <Attr Name="UsedIn" Val="synthesis"/>
        <Attr Name="UsedIn" Val="implementation"/>
      </FileInfo>
    </File>
    <Config>
      <Option Name="ConstrsType" Val="XDC"/>
    </Config>
  </FileSet>
  <Strategy Version="1" Minor="2">
    <StratHandle Name="Vivado Synthesis Defaults" Flow="Vivado Synthesis 2015"/>
    <Step Id="synth_design"/>
  </Strategy>
</GenRun>
